Model,Accuracy,Precision,Recall,F1-Score,ROC-AUC,TN,FP,FN,TP
DummyClassifier,0.5149234693877551,0.5149234693877551,1.0,0.6798012966237266,0.5,0,3803,0,4037
LogisticRegression,0.8182397959183674,0.8180711154408183,0.8320535050780282,0.8250030701215768,0.9019810247193477,3056,747,678,3359
DecisionTreeClassifier,0.9766581632653061,0.981028457314029,0.9734951696804558,0.9772472957851548,0.9777100604577265,3727,76,107,3930
RandomForest,0.9860969387755102,0.997467071935157,0.9754768392370572,0.9863494051346274,0.8178148145952855,3793,10,99,3938
GradientBoosting,0.988265306122449,0.9972271237711117,0.9799355957394105,0.9885057471264368,0.9947561704248846,3792,11,81,3956
