Model,Accuracy,Precision,Recall,F1-Score,ROC-AUC,TN,FP,FN,TP
DummyClassifier,0.5148979591836734,0.5148979591836734,1.0,0.6797790650680318,0.5,0,4754,0,5046
LogisticRegression,0.8171428571428572,0.8154323381155487,0.8335315101070154,0.8243825950607605,0.9005555702847226,3802,952,840,4206
DecisionTreeClassifier,0.9688775510204082,0.9665420192875418,0.9732461355529132,0.9698824923471907,0.9808302114446962,4584,170,135,4911
RandomForest,0.9866326530612245,0.9975703583721401,0.9764169639318272,0.986880320480721,0.8166395455457247,4742,12,119,4927
GradientBoosting,0.9851020408163266,0.9896083133493205,0.9813713832738803,0.9854726368159203,0.9945845299391997,4702,52,94,4952
