Model,Accuracy,Precision,Recall,F1-score,ROC-AUC
DummyClassifier (most_frequent),0.59,0.34809999999999997,0.59,0.4378616352201257,0.5
RandomForestClassifier(Calibrate),0.7816666666666666,0.7804029550841645,0.7816666666666666,0.7791245812953688,0.7653644756786551
