Model,Accuracy,Precision,Recall,F1-score,ROC-AUC
DummyClassifier (most_frequent),0.59,0.34809999999999997,0.59,0.4378616352201257,0.5
LogisticRegression,0.7866666666666666,0.7853631022326675,0.7866666666666666,0.7854385068944705,0.7745624913876257
